{
  "metrics": {
    "forecast": {
      "rmse": 10.351356345295734,
      "mae": 7.1613630562486685,
      "r2": 0.938726913512031
    },
    "failure": {
      "auc_roc": 0.996003970223325,
      "f1": 0.9175911251980983,
      "precision": 0.9018691588785047,
      "recall": 0.9338709677419355
    }
  },
  "thresholds": {
    "warning": 7.5665162513461794,
    "critical": 12.520968986141778,
    "mean": 3.8655999837754664,
    "std": 3.1099338827608403
  }
}