{
  "warning": 7.5665162513461794,
  "critical": 12.520968986141778,
  "mean": 3.8655999837754664,
  "std": 3.1099338827608403
}